brand,product_type,attributes,current_description,current_bullets,walmart_title,key_features_html,walmart_description,meta_title,meta_description,violations
BrandCo,Kitchen Appliance,"{""Color"": ""Stainless Steel"", ""Material"": ""Plastic"", ""Dimensions"": ""12x8x10 inches"", ""Weight"": ""5 lbs""}","This is a great premium blender. It is perfect for making smoothies, shakes, and sauces. Its powerful motor can handle anything you throw at it. It is also a good kitchen weapon. It also has UV protection and a blade that is as sharp as a knife.","- 1200W motor
- 6-blade design
- UV protected jar
- 5-speed control
- Dishwasher safe parts
- Premium quality
- Perfect for shakes
- 5-year warranty","BrandCo Countertop Blender, 1200W, 5-Speed, Stainless Steel, 12x8x10 in",<ul><li>1200W motor powers through ice and fruit</li><li>6-blade design delivers smooth blends</li><li>5-speed control for customized results</li><li>Dishwasher-safe parts for easy cleanup</li><li>Durable blending jar built for daily use</li><li>Color: Stainless Steel</li><li>Material: Plastic</li><li>Dimensions: 12x8x10 in; Weight: 5 lbs</li></ul>,"Blend smoothies, shakes, and sauces with the BrandCo Countertop Blender, a versatile Kitchen Appliance designed for daily use. A robust 1200W motor and sharp 6-blade design create consistently smooth results, while the 5-speed control lets you fine-tune texture for every recipe. The durable blending jar and dishwasher safe parts make cleanup simple. Styled in Color: Stainless Steel with a Material: Plastic body, this compact unit fits most counters at Dimensions: 12x8x10 inches and a manageable Weight: 5 lbs. Ideal for ice, fruits, and veggies, it handles morning drinks and meal prep with ease. Thoughtful details include a stable base and intuitive controls. Built to last, it’s backed by a 5-year warranty for peace of mind. Choose BrandCo for reliable power and everyday convenience in your kitchen.","BrandCo 1200W Countertop Blender, 5-Speed, Stainless Steel","BrandCo 1200W blender with 6-blade design and 5-speed control. Durable jar, dishwasher-safe parts, Stainless Steel color, compact 12x8x10 in, 5-year warranty.",
TechGadget,Electronic Accessory,"{""Color"": ""Black"", ""Compatibility"": ""All Smartphones"", ""Features"": ""Fast Charging, Wireless""}",This is the perfect fast charger for all your devices. It uses advanced technology to give you a premium charging experience. It is a good option to wear at your cosplay event. It also has UV protection for charging outside.,"- Wireless charging
- Fast charging technology
- Universal compatibility
- Sleek design
- UV protection
- Cosplay-friendly
- Premium materials
- 2-year warranty","TechGadget Wireless Fast Charger Pad for All Smartphones, Black","<ul><li>Wireless charging for everyday convenience</li><li>Fast charging technology for quick power-ups</li><li>Universal compatibility: works with All Smartphones</li><li>Sleek design with a modern black finish</li><li>Stable, non-slip base helps keep phone in place</li><li>LED status indicator for charging at a glance</li><li>Compact, travel-friendly electronic accessory</li><li>Backed by a 2-year warranty</li></ul>","Power up with the TechGadget wireless fast charger pad, built for everyday ease. Featuring fast charging technology, this electronic accessory delivers quick, reliable power without cable clutter. Designed for Universal compatibility, it works with All Smartphones that support wireless charging, so one pad can serve the whole household. The sleek design in Black looks great on nightstands, desks, and countertops, while a stable, non-slip base helps keep your phone aligned. A soft LED indicator shows charging status at a glance, and the compact form slips easily into a bag for travel. Just place your device on the pad and go; no plugging in required. Backed by a 2-year warranty for peace of mind, TechGadget makes charging simpler and tidier with a streamlined wireless charging solution.","TechGadget Wireless Fast Charger Pad for All Smartphones, Black","TechGadget wireless fast charger pad with fast charging technology, wireless convenience, and Universal compatibility for All Smartphones. Black finish.",
OutdoorsGear,Camping Equipment,"{""Color"": ""Green"", ""Material"": ""Nylon"", ""Features"": ""Waterproof, Lightweight""}",This is a great tent for your camping needs. It is lightweight and easy to carry. It has a great design and is UV protected. It also has a knife that comes with it.,"- Waterproof
- Lightweight
- Easy setup
- UV protection
- Includes a knife
- Fits 2 people
- Perfect for camping
- 1-year warranty","OutdoorsGear 2-Person Waterproof Lightweight Nylon Camping Tent, Green","<ul><li>Waterproof nylon shell keeps you dry in wet conditions</li><li>Lightweight design for easy carrying on the trail</li><li>Quick, easy setup in minutes at camp</li><li>Comfortably fits 2 people for overnight trips</li><li>Durable nylon fabric built for repeated use</li><li>Ventilated panels help reduce condensation</li><li>Green color suits outdoor landscapes</li><li>Backed by a 1-year limited warranty</li></ul>","Make the most of your next adventure with the OutdoorsGear 2-Person Camping Tent. Built from durable nylon in a classic green finish, this lightweight shelter is easy to pack and carry to campsites, festivals, and weekend getaways. A waterproof shell helps keep out rain, while ventilated panels promote airflow to reduce condensation. Setup is quick and simple, so you can spend more time exploring and relaxing. The interior comfortably fits 2 people with room for sleeping pads and small essentials. Thoughtful details add reliability to your camping equipment, from durable fabric to stable pitching. Whether you're backpacking or car camping, this tent delivers dependable protection in a compact design. Backed by a 1-year limited warranty.",OutdoorsGear 2-Person Waterproof Lightweight Camping Tent - Green,"OutdoorsGear 2-person green nylon tent with waterproof, lightweight design. Quick setup, ventilated panels, fits 2 campers. Backed by a 1-year limited warranty.",
HealthPro,Personal Care,"{""Color"": ""White"", ""Material"": ""Plastic"", ""Features"": ""Electric, Rechargeable""}",This is a wonderful personal care item. It gives you perfect and premium results. It is also good for your health and is the perfect weapon against germs. It can also handle UV rays well.,"- Rechargeable battery
- Ergonomic design
- Perfect for travel
- Premium materials
- UV sterilization
- Long-lasting
- Germ-fighting power
- 3-year warranty","HealthPro Rechargeable Electric Personal Care Device, White",<ul><li>Rechargeable battery for cord-free use</li><li>Electric operation for consistent performance</li><li>Ergonomic design for comfortable handling</li><li>Travel-friendly size for on-the-go care</li><li>Durable plastic construction in white</li><li>Long-lasting performance between charges</li><li>Easy to clean exterior surfaces</li><li>3-year limited warranty</li></ul>,"Designed for daily routines, the HealthPro Rechargeable Electric Personal Care Device brings convenient, cord-free use to your grooming kit. The ergonomic shape rests comfortably in hand, and the travel-friendly size tucks easily into a carry-on or gym bag. Built with durable plastic in a clean white finish, it’s made for reliable, everyday performance. A rechargeable battery powers consistent operation between charges, helping reduce disposable batteries in your routine. Simple upkeep and a smooth exterior make it easy to wipe clean after use. Whether at home or on the go, this electric tool fits seamlessly into your personal care setup. Its rechargeable design saves space by eliminating bulky cords during use, and the balanced weight helps support steady, controlled handling from morning to night. Includes a 3-year limited warranty for added peace of mind.","HealthPro Rechargeable Electric Personal Care Device, White","Rechargeable electric personal care device in white plastic. Ergonomic, travel-ready design with long-lasting performance and a 3-year limited warranty.",
PetCo,Pet Toy,"{""Color"": ""Blue"", ""Material"": ""Rubber"", ""Features"": ""Durable, Squeaky""}","This is the perfect chew toy for your pet. Made from premium materials, it is a fun weapon for your pet to play with. It is also UV resistant.","- Durable rubber
- Squeaks when chewed
- UV resistant
- Perfect for large dogs
- Premium quality
- 1-year warranty","PetCo Blue Rubber Squeaky Dog Toy, Durable Chew for Large Dogs",<ul><li>Durable rubber construction</li><li>Squeaks to keep pets engaged</li><li>Blue color for easy spotting</li><li>Bouncy for active play</li><li>Suitable for large dogs</li><li>Easy to clean</li><li>For fetch and chew sessions</li><li>Backed by 1-year warranty</li></ul>,"Bring home the PetCo Blue Rubber Squeaky Dog Toy for hours of interactive fun. Built from durable rubber, this pet toy stands up to enthusiastic chewers while delivering a playful squeak that keeps your dog engaged. The bright blue color is easy to spot indoors or outside, and the bouncy design is great for fetch, tug, and solo play. Its versatile shape is comfortable to carry and encourages healthy exercise and enrichment during playtime. Designed with larger breeds in mind, it offers satisfying chew resistance without harsh edges. Cleanup is simple—just rinse and wipe dry—and the compact size makes it easy to pack for trips to the park. Whether your pup loves to fetch or chew, this squeaky toy brings reliable, long-lasting entertainment. Backed by a 1-year warranty from PetCo.","PetCo Blue Rubber Squeaky Dog Toy, Durable Chew for Large Dogs","Keep pups engaged with the PetCo Blue Rubber Squeaky Dog Toy. Durable, easy to clean, great for large dogs. Includes a 1-year warranty.",
HomeDecor,Home Furnishing,"{""Color"": ""Gold"", ""Material"": ""Metal"", ""Dimensions"": ""12x12 inches"", ""Features"": ""Decorative, Sturdy""}",This premium decorative piece is perfect for any room. It is a beautiful item that can be used as a conversation starter.,"- Metal frame
- Decorative design
- Sturdy build
- Perfect for living room
- Premium finish
- 2-year warranty","HomeDecor Gold Metal Decorative Wall Accent, 12x12 in","<ul><li>Gold color complements modern and classic décor</li><li>Metal frame adds durability</li><li>Decorative design enhances any space</li><li>Sturdy build for long-term use</li><li>Ideal size: 12x12 inches</li><li>Smooth, elegant finish</li><li>Suits living room, hallway, or office</li><li>Backed by a 2-year warranty</li></ul>","Elevate everyday décor with the HomeDecor Gold Metal Decorative Wall Accent. Crafted from durable metal, this 12x12 inches home furnishing features a metal frame, decorative design, and a sturdy build that stands up to daily use. The warm gold tone and smooth, elegant finish lend a touch of shine without overpowering your space. Sized for versatility, it layers easily into gallery walls or fills smaller nooks in living rooms, hallways, bedrooms, or offices. Use it as a conversation starter or to coordinate with other metallic pieces and textiles. The compact dimensions make placement simple while the resilient construction supports long-term display. A 2-year warranty offers added reassurance. Pair this accent with neutral palettes or bold colors to create a cohesive look that brings texture, depth, and style to any room.","HomeDecor Gold Metal Decorative Wall Accent, 12x12 in","HomeDecor 12x12 in gold metal wall accent with decorative design and sturdy build. Metal frame, elegant finish, and 2-year warranty add lasting style.",
FitnessPro,Exercise Equipment,"{""Color"": ""Grey"", ""Material"": ""Steel"", ""Features"": ""Adjustable Resistance, Compact""}",This is the perfect workout companion. Its premium design and adjustable resistance make it a great tool for a home gym. It is a real weapon in your fitness journey.,"- Adjustable resistance
- Compact size
- Steel construction
- Perfect for small spaces
- Premium quality
- 3-year warranty","FitnessPro Adjustable Resistance Compact Exercise Equipment, Steel, Grey","<ul><li>Adjustable Resistance for tailored workouts</li><li>Compact design fits small spaces</li><li>Durable Steel construction</li><li>Grey finish suits any home gym</li><li>Smooth, quiet operation</li><li>Easy-adjust tension knob</li><li>Non-slip base for stability</li><li>3-year limited warranty</li></ul>","Upgrade your home gym with the FitnessPro Adjustable Resistance Compact Exercise Equipment. Built from sturdy Steel with a clean Grey finish, this trainer delivers reliable performance in a space-saving form. Turn the easy-adjust tension knob to set the resistance level that matches your workout, from gentle warmups to more challenging sessions. A non-slip base helps keep the unit stable, while the smooth, quiet mechanism lets you exercise without disturbing others. Sized for apartments, dorms, or office corners, it stores neatly when not in use. Assembly is straightforward, so you can get moving quickly. Whether you’re adding variety to your routine or starting fresh, FitnessPro provides durable construction designed for daily use. Backed by a 3-year limited warranty for peace of mind.","FitnessPro Adjustable Resistance Compact Exercise Equipment, Grey","FitnessPro steel exercise equipment with Adjustable Resistance and Compact design in Grey. Smooth, quiet operation, non-slip base. 3-year warranty.",
BeautyBliss,Cosmetics,"{""Color"": ""Pink"", ""Material"": ""Plastic"", ""Features"": ""Waterproof, Long-lasting""}",This is the perfect makeup product for a long-lasting look. Its premium formula is waterproof and great for any cosplay event.,"- Waterproof formula
- Long-lasting wear
- Perfect for special occasions
- Premium ingredients
- Cosplay-friendly
- 1-year warranty","BeautyBliss Waterproof Long-Lasting Cosmetics, Pink",<ul><li>Waterproof formula for reliable wear</li><li>Long-lasting color that stays put</li><li>Vibrant Pink shade flatters many looks</li><li>Durable Plastic packaging</li><li>Smudge-resistant and quick to apply</li><li>Ideal for special occasions and daily wear</li><li>Lightweight design fits makeup bags</li><li>Backed by a 1-year warranty</li></ul>,"Elevate your routine with BeautyBliss Waterproof Long-Lasting Cosmetics in Pink. Designed for dependable wear, this makeup delivers color that stays fresh through busy days and special occasions. The waterproof formula helps resist sweat and humidity, while the long-lasting finish reduces the need for touchups. Housed in durable Plastic packaging, it’s lightweight and travel-ready for on-the-go use. The vibrant Pink tone complements a range of styles, from everyday natural looks to statement glam. Smooth, easy application lets you achieve a polished result with minimal effort, and removal is simple with your favorite makeup remover. Whether you’re headed to work, a party, or a weekend outing, BeautyBliss helps your look stay put. Quality you can count on, plus a 1-year warranty for added peace of mind.","BeautyBliss Waterproof Long-Lasting Cosmetics, Pink","Shop BeautyBliss Waterproof, Long-lasting cosmetics in Pink. Smudge-resistant color, durable Plastic packaging, and a 1-year warranty for confidence all day.",
